video_id,video_title,upload_date,view_count,like_count
S12_6dVlW3s,Qor Jangidagi Qahramonlik! TARIXIY G&#39;ALABA,2022-01-27,1454,246
SVKGlXfV8Wc,Nazorat uchrashuvi. Lokomotiv - Buxoro 0:0,2022-01-27,631,18
U1m_LmjpnFs,Maksim Shatskix va Nyukasl to&#39;qnashuvi YECHL o&#39;yini. Shatskixning 2 goli nega hisobga olinmadi?,2022-01-26,4091,150
fLws7J7DU9Q,"Arxiv. Rivaldoning &quot;Bunyodkor&quot;dagi birinchi gollari, kichkina Eldor Shomurodov",2022-01-26,7804,129
qCDHRTm4LxU,O&#39;zbekiston futzal terma jamoasi Xorvatiyaga ketishdan oldin mashg&#39;ulot o&#39;tkazdi,2022-01-24,1891,77
s_O8UXlMKXg,–ê–∑–∏–∑ “≤–∞–π–¥–∞—Ä–æ–≤:&quot;–û–¥–∏–ª –ê“≥–º–µ–¥–æ–≤–¥–∞ —Ç–∞–∂—Ä–∏–±–∞ –∫–∞–º? –õ–µ–∫–∏–Ω —É –±—É–Ω–≥–∞—á–∞ –∏—à–ª–∞–≥–∞–Ω “≥–∞–º–º–∞ –≤–∏—Ü–µ-–ø—Ä–µ–∑–∏–¥–µ–Ω—Ç–ª–∞—Ä–¥–∞–Ω –∞—Ñ–∑–∞–ª&quot;,2022-01-23,24132,554
nNOHKtwlApk,O&#39;rtoqlik uchrashuvi. &quot;Lokomotiv&quot; &quot;Qo&#39;qon-1912&quot;ni mag&#39;lub etdi,2022-01-22,2913,64
vLTa8GfmNqY,Eldor Joze Mourinyomning &quot;Qora Ro&#39;yxati&quot;da? Buyog&#39;i haqiqiy jang bo&#39;ladi,2022-01-22,18811,576
I6Vlv_J6iaM,Eldor qaytmoqda Shomurodov super gol urdi Joze Mourinyo unga ishonmoqda,2022-01-21,97534,1871
Qkd46rXNwRw,Buxoro - So&#39;g&#39;diyona o&#39;rtoqlik uchrashuvi qanday o&#39;tdi?,2022-01-20,3752,68
3E2sZcEa6ek,Maksim Shatskix haqida ma&#39;lumotlar,2022-01-20,4765,214
fLlUqaJZT1w,Ispaniyaliklar kelgan &quot;Surxon&quot;ning mashg&#39;ulotidan reportaj,2022-01-20,13415,298
rVzcpeBntls,&quot;Bunyodkor&quot; &quot;Lokomotiv&quot;ga mag&#39;lub bo&#39;ldi,2022-01-19,2866,86
TYWAQa6x4f8,"Argentinaga gol urgan, Germaniya termasida o&#39;ynashi mumkin bo&#39;lgan Aleksandr Geynrix  haqida",2022-01-19,45644,1291
ad6MdYqGb2U,&quot;Bunyodkor&quot;ning mashg&#39;uloti davom etadi + legioner bilan suhbat,2022-01-18,4013,81
vTL6t9oXzcQ,&quot;–¢–µ–∑–∫–æ—Ä —Å—Ç—É–¥–∏—è&quot;–Ω–∏–Ω–≥ –±—É–≥—É–Ω–≥–∏ —Å–æ–Ω–∏–¥–∞ –û–ß–õ –≤–∞ –û–§–ö –ö—É–±–æ–≥–∏ “õ—É—Ä—ä–∞—Å–∏ “≥–∞“õ–∏–¥–∞ —Å—û–∑ —é—Ä–∏—Ç–∞–º–∏–∑.,2022-01-17,6162,208
miVRTkF4GLk,Sezilarli yo&#39;qotishlarga uchragan &quot;Qo&#39;qon-1912&quot; mashg&#39;uloti qanday o&#39;tmoqda?,2022-01-15,4351,110
SN6PvNYus-8,&quot;Tezkor studiya&quot;. OCHL endi kuz-bahor tizimida o&#39;tadi-mi?,2022-01-14,5077,139
Kf8lhL7Chvg,Geynrix porlagan o&#39;yin O&#39;zbekiston va Quvayt 3-0,2022-01-14,28847,344
h8vlnsl9mUM,Eldor turkmanlar himoyasini sochib tashlagan o&#39;yin,2022-01-13,13340,282
WZ0GIihPdwA,&quot;Bu murabbiy xuddi otamdek bo&#39;lib qolgandi.&quot; - Ibrohimhalil Yo‚Äòldoshev,2022-01-13,22191,560
aQ0D6SkR-M0,&quot;Paxtakor&quot; yangi bosh murabbiyi: &quot;Meni qo&#39;l ostimda jamoa 100 foiz hujumkor o&#39;ynaydi&quot; (to&#39;liq video),2022-01-13,16150,295
dQ-GzV9K42M,"&quot;Asl darajamizni tan olaylik, o&#39;zbek futbolchilarini Malayziyaga ham olishmayapti&quot; ‚Äî Sanjar Tursunov",2022-01-12,19561,470
p2pkzPE_qFI,&quot;Paxtakor&quot; yangi bosh murabbiy qo&#39;l ostida ilk mashg‚Äòulotni o&#39;tkazdi,2022-01-11,18386,334
yZt5dx92o4g,&quot;Tezkor studiya&quot;. Usmonali Ismonaliyev: &quot;Navbahor&quot; muxlislaridan uzr so&#39;rayman&quot;,2022-01-11,6775,139
_zH7UWPiKrk,&quot;Kim aslida kim&quot; - Odil Ahmedov,2022-01-11,58203,1272
_TPuYfGnbfk,"Qozog&#39;iston, Og&#39;ir sinovlar, Pulning kamligi, O&#39;tkir Yusupov hikoyasi",2022-01-11,12983,444
Gp_Iuh82fl4,Maestro Masharipov va super ijrolar,2022-01-10,2992,83
rK3ipMhY0LI,Superligaga qaytgan &quot;Neftchi&quot;ning Toshkentdagi mashg&#39;uloti (08.01.2022),2022-01-09,7486,129
-sIhgY3C7Jc,Qosimov boshchiligidagi AGMK yangi mavsumga tayyorgarlikni boshladi,2022-01-08,8014,171
Fsd0yN_wKHI,Futbol tarixidagi top-10 penaltilar Jaloliddin Masharipov kuchli 10 likda,2022-01-07,7462,282
0P8PxRj8AEM,Yosharayotgan &quot;Bunyodkor&quot; yangi mavsumga tayyorgarlikni boshladi + Shuhrat Maqsudovdan intervyu,2022-01-06,6371,132
LE1bmrhigCE,Mirjalol Qosimovning 2018-yilda bergan eksklyuziv intervyusi,2022-01-06,3602,100
YZbk0uJ2Fw0,&quot;Olimpik&quot; - Superligaga tayyorgarlik boshlandi,2022-01-05,4196,82
KgAz1ieQSE4,"&quot;Navbahor&quot;ning Toshkentdagi mashg&#39;uloti, Elgujadan muxlislarga murojaat!",2022-01-05,8655,195
D8ZIYadGl5A,Xotinidan qo&#39;rqadigan Robert Levandovski haqida Bir Futbolchi tarixi loyihasi,2022-01-05,4028,174
CHrbFjMWH9I,"Babayan, xatolar va kelishilgan o&#39;yinlar haqida ‚Äî San&#39;at Shixov",2022-01-05,21371,397
ZN8C2pdjO58,Tarixiy gollarni yondirgan ajoyib sharhlar 1 qism,2022-01-04,12215,280
QNHbds6zTpg,Championat.asia va Olamsport.com xodimlaridan Yangi yil tilaklari,2021-12-31,800,29
VCIXOUZah1o,"Sizchi, Ronaldu haqida qanday faktlarni bilasiz? #shorts",2021-12-29,1520,105
aj_JHT__0HE,2021-yil qaysi voqea sizning yodingizda qoldi? #shorts,2021-12-28,2935,139
XhNbEdO9PFw,Bahrom Davlatov: &quot;Fidoyi bo‚Äòlmaguncha futbolda foyda topmaysan&quot;,2021-12-26,5293,122
qc650Zy8_Vg,Uz Football Awards-2021. Shomurodov va Berdiyev eng yaxshi (to&#39;liq video),2021-12-25,40908,780
lm49CHK8rpE,2021-yilning top 10 chiroyli gollari. Legioner futbolchilarimizdan,2021-12-25,54428,883
Z4HzMqaGfjc,Diyor Rahimqulovning yorqin xotirasiga bag&#39;ishlanadi,2021-12-24,20760,848
abs9kK492Mw,Eldor Shomurodovning 2021-yildagi barcha gollari Roma va Jenoa,2021-12-23,78011,1170
6qmPZzVJlgc,"&quot;8 yilga urilgan futbolchini taniyman, Babayanga murojaat&quot; - Timur Hakimov bilan intervyu",2021-12-22,28500,675
O4WiZCT_TCw,Odil Ahmedov futbolchilik faoliyatini yakunladi (to&#39;liq video),2021-12-20,71417,1261
0TlSw4nHf3M,O&#39;zbek futboli tarixidagi eng alamli o&#39;yin O&#39;zbekiston vs Xitoy JCH saralashi 2018,2021-12-20,67346,707
J1DKF0JKdfg,Superliga-2021. Mavsumning eng chiroyli gollari TOP-20,2021-12-17,16543,326
HlaYbFnrIsQ,"&quot;O&#39;zbekiston hech qachon Jahon chempionatiga chiqolmaydi&quot; Odil Ahmedov, Sardor Rashidov, Anzur",2021-12-15,149695,3196
6lLhAR_pS5k,&quot;Bunyodkor&quot; klubi akademiya tarbiyalanuvchilarini taqdirlash marosimini o&#39;tkazdi,2021-12-14,2327,54
niboDXkaBCo,"8+3. Abramovga omadsizlik emas, bilimsizlik pand berdi",2021-12-13,1389,42
nu9Yiie2DCk,Klublar tomonidan hakamlar departamentiga bosim bo&#39;ladimi? Erkin Baxtiyorov bilan intervyu,2021-12-11,1536,26
AoxKZQ06eNY,"&quot;Andijon&quot;, &quot;Olimpik&quot; va litsenziyalash haqida - Diyor Imomxo&#39;jayev bilan intervyu",2021-12-11,14904,407
wh0iU8-Kz0Y,Ko&#39;rinmas –ì–ï–†–û–ô Ignatiy Nesterov haqida. BirFutbolchiTarixi 6-son,2021-12-11,20597,679
IzwfdJYv4dQ,"–§—É—Ç–±–æ–ª—å–Ω–∞—è –ú–∞—Ö–∞–ª–ª—è ‚Ññ2 –ê–∑–∞–º–∞—Ç –ê–±–¥—É—Ä–∞–∏–º–æ–≤: –ø–æ–±–µ–¥–∞ –≤ –ê–∑–∏–∞–¥–µ, –Ω–∞—Å—Ç–∞–≤–ª–µ–Ω–∏—è –æ—Ç—Ü–∞ –∏ –ø—Ä–æ–±–ª–µ–º—ã –Ω–∞—à–µ–≥–æ —Ñ—É—Ç–±–æ–ª–∞",2021-12-11,1339,32
J_0ui4z6Tqs,8+3. O&#39;zbek futbolidagi eng omadsiz shaxs kim?,2021-12-09,1838,53
TAY9NFlRh4s,Qaysi klublarning futbolchilardan qarzi bor? Kamoliddin Murzoyev bilan intervyu,2021-12-07,5284,92
oGASHWevuME,&quot;Futbol olami&quot;. &quot;Nasaf&quot; kubok sohibi va &quot;Olimpik&quot; Superligada!,2021-12-06,12868,276
1CEk9bRtx_E,"1 mlrd so‚Äòrayotgan futbolchi, transferlar va Babayan bilan aloqalar haqida ‚Äî Ulug‚Äòbek Mirzayev",2021-12-06,7646,142
Kyw7XslsM4U,&quot;Kichkina kamera&quot;. &quot;Nasaf&quot; ikkinchi bor O&#39;zbekiston kubogini qo&#39;lga kiritdi,2021-12-04,20649,417
MH5PjU6nIJc,&quot;Nasaf&quot; finaldagi g&#39;alabani qanday nishonlaganini ko&#39;rdingizmi?,2021-12-04,32279,920
oif4_SQxU6M,Final-2021. Piter Xyuistra ishtirokidagi matbuot anjumani,2021-12-04,2512,52
eXNWcWES7jc,Final-2021. Ro&#39;ziqul Berdiyev ishtirokidagi matbuot anjumani,2021-12-04,11989,330
aZuYofvbjqw,&quot;Tezkor studiya&quot;. &quot;Nasaf&quot; - O&#39;zbekiston kubogi sohibi!,2021-12-04,15014,348
bzgLmPEfJyc,"Mourning boshqa iloji qolmadi, Bugun yoki hech qachon",2021-12-04,2866,123
EPirK8nGvic,&quot;Tezkor studiya&quot;. Finaldan oldingi JONLI EFIR,2021-12-04,3588,90
ML6ogJ26JfU,Ko&#39;chadagi kamera. Finalda kim yutadi - &quot;Paxtakor&quot; yoki &quot;Nasaf&quot;?,2021-12-04,25406,782
TKYWq7930Io,Bu ajoyib. O&#39;zbekiston kubogi sovrini Samarqand bo&#39;ylab &quot;sayr&quot; qildi,2021-12-03,4186,101
CqwT_0DfTt8,O&#39;zbekiston kubogi finali. &quot;Nasaf&quot;ning finaldan oldingi rasmiy mashg&#39;uloti,2021-12-03,7745,192
oiyXiHOzMiU,Final-2021. Ro&#39;ziqul Berdiyev: &quot;Finaldan oldin Stanoyevich va Cheran kelishib olgan shekilli&quot;,2021-12-03,11748,305
U-OH7j7Ngv8,Final-2021. Piter Xyuistra: &quot;20 yildan keyin barcha kubok yutgan jamoani eslaydi&quot;,2021-12-03,2809,78
IrZcwLAI19M,O&#39;zbekiston kubogi finali. &quot;Paxtakor&quot;ning finaldan oldingi rasmiy mashg&#39;uloti,2021-12-03,9174,151
uHQKK-VQXIk,"Championat,asia 11 yoshda!!! #shorts",2021-12-02,2279,70
zzn9j-gMhxo,O&#39;tish o&#39;yini. Olimpik - Mash&#39;al 3:1. Highlights,2021-12-02,13776,227
CFT5KqvOc3o,"Terma Jamoaning zaif nuqtalari ma&#39;lum bo&#39;ldi, Muammo hal etilsa JCHga chiqamiz",2021-11-29,25132,685
y8geTbKWgRQ,&quot;Futbol olami&quot;. Superliganing so&#39;nggi turi haqida,2021-11-29,9481,165
F0B-pSq-4Pc,Quvonchli xabar O&#39;zbekiston MTJ Yaponiya bilan o&#39;ynaydi,2021-11-29,14274,343
qFbIkHqCta0,Superliga. Nasaf - Lokomotiv - 1:3. Highlights,2021-11-28,4751,46
DmpYHf0cQ7A,Superliga. Bunyodkor - Paxtakor - 3:2. Highlights,2021-11-28,2768,50
vFcxHnV_8G0,Superliga. Navbahor - Qo&#39;qon-1912 - 2:3. Highlights,2021-11-28,5432,67
pcND77vYr20,Superliga. Qizilqum - Metallurg 1:3. Highlights,2021-11-28,654,11
fUQZ6_uFSIc,Superliga. Turon - Andijon 1:0. Highlights,2021-11-28,1187,17
dGp9-5YioQo,&quot;Kichkina kamera&quot;. Olmaliqdagi &quot;kumush o&#39;yin&quot;ning dramatik yakuni,2021-11-28,8167,141
g-F9XtPtXbw,Superliga. AGMK - So&#39;g&#39;diyona 0:1. Highlights,2021-11-27,16583,270
mZtLJYehApU,Superliga. Surxon - Mash‚Äôal 1:0. Highlights,2021-11-27,4606,82
D7Z9KOnJdF0,"Ro&#39;ziqul Berdiyev: &quot;Tushunmadim, &quot;Nasaf&quot; nohaq finalga chiqdimi?&quot;",2021-11-24,36487,1135
XQmm791DWgE,Xayrulla Karimov: &quot;Hakamlar haqida gapirmayman&quot;,2021-11-24,13968,278
zGg6FtEDZXg,&quot;Kichkina kamera&quot;. &quot;So&#39;g&#39;diyona&quot; ayollar jamoasi - O&#39;zbekiston kubogi sohibi!,2021-11-24,1289,22
Je84hkx4v0g,"YeCHL bugungi o&#39;yinlar oldidan. Ronalduning davri o&#39;tdi, MTJ Futbolchisi operatsiya qilindi Xavi esa",2021-11-23,1872,86
shi1rAalBNE,Superliga-2021. 25-turning eng chiroyli gollari TOP-5,2021-11-23,1464,43
vkjHpC5buM0,"&quot;Futbol olami&quot;. Xayr &quot;Andijon&quot;, xayr &quot;Turon&quot; - Superliganing 25-turi haqida",2021-11-22,14371,262
CP-ycKaViMA,Dubl 21. &quot;Lokomotiv&quot; - &quot;Paxtakor&quot; o&#39;yinida ikkala jamoa yutqazdi. Qanday qilib?,2021-11-22,1704,37
JIqX2f2A7Sc,Superliga. Metallurg - Turon 1:0. Highlights,2021-11-21,1969,29
NhuLUZRRAHI,Superliga. Andijon - Navbahor 1:2. Highlights,2021-11-21,11523,192
losl4gPAiQE,Superliga. &quot;Mash&#39;al&quot; - &quot;Qizilqum&quot; 2:1. Highlights,2021-11-21,3072,66
QSPyySGOJqA,&quot;Kichkina kamera&quot;. Muxlislar kiritilmagan &quot;So&#39;g&#39;diyona&quot; - &quot;Nasaf&quot; uchrashuvi qanday o&#39;tdi?,2021-11-21,3822,50
5Gb7f1aULTo,Superliga. Lokomotiv - Paxtakor 0:3. Highlights,2021-11-20,5761,84
qQcn7-j2OMU,Superliga. Bunyodkor - Surxon 3:1. Highlights,2021-11-20,2346,38
9pzMboYCi98,Superliga. Qo&#39;qon-1912 - AGMK 2:2. Highlights,2021-11-20,3431,54
peBUshGHlzI,Superliga. So&#39;g&#39;diyona - Nasaf 1:1. Highlights,2021-11-20,7109,114
vGnA0xTFz4U,Xushxabar Ahmadaliyev Velaskez ustidan g&#39;alaba qozondi Super jang va ajoyib g&#39;alaba,2021-11-20,6880,380
JvcsxXiOH_I,Ahmadaliyev vs Velaskez fight –ø—Ä—è–º–æ–π —ç—Ñ–∏—Ä Jonli Efir,2021-11-19,17226,491
Pqpi_YxyZF0,"Ayollar futboli. &quot;Bundyodkor&quot; g&#39;olib, &quot;So&#39;g&#39;diyona&quot; esa chempion!",2021-11-19,1469,31
i2A2kSRq214,&quot;Odil Junior&quot;dan yangilik: Xorijlik mutaxassisdan o&#39;zbek murabbiylariga master klass,2021-11-18,1717,64
Crm5H-OJrfI,Jasur Yaxshiboyev Qishda jamoasini almashtiradi maqsad Top 5,2021-11-17,8749,347
9RcNFsg483E,Terma Jamoa tarixidagi eng kuchli o&#39;yinlarni tomosha qiling,2021-11-15,166201,1861
Xd0NcuVcKYY,&quot;Tezkor studiya&quot;. Bugun Gruziya bilan o&#39;ynaymiz,2021-11-15,5593,173
2_mT-Hpk6E0,Superliga. Nasaf ‚Äì Qo&#39;qon-1912 - 3:1. Highlights,2021-11-15,10543,228
-YQoji8v4lM,"O&#39;zbekiston MTJ. Yaxshiboyev ketdi, Aliboyev bilan intervyu",2021-11-11,8045,195
fDQzDl1ol4Y,O&#39;zbekiston MTJ. Yaxshiboyev va Yo&#39;ldoshev keldi,2021-11-10,20215,446
zzaEuLOCMN8,Muxlislar Mourinyoning davri o&#39;tdi deb hisoblashmoqda,2021-11-10,1546,75
bA7So7uhO9E,O&#39;zbekiston MTJ. Shomurodov va Kenjaboyev keldi,2021-11-09,20030,462
9slAbK6vxEk,O&#39;zbekiston MTJ. Gruziya bilan o&#39;yinga tayyorgarlikni boshladi,2021-11-08,26885,600
qPUgQG9sMZ8,"Yaponlar himoyasi sochib tashlangan tarixiy o&#39;yin, Eldorning super reydi",2021-11-08,37780,607
17dacXHC7t0,Terma jamoa karvonsaroymi? &quot;Tezkor studiya&quot; janjal tufayli yakuniga yetmadi!,2021-11-08,5951,190
y8cNv4yKvZw,"Joze Eldorga ishonmaydimi? Mourning davri o&#39;tdi, Qulayotgan Rim, Shomurodov Sevilya transferi",2021-11-08,20031,1606
sKidNuoxDt4,"&quot;Futbol olami&quot;. Penaltilar shodasi, chempionlik kubogi topshirilgan Superliganing 24-turi haqida",2021-11-07,5273,105
J2zYMONybqA,"Nega O&#39;zbekistondan Shevchenkolar chiqmaydi, chunki bizda...",2021-11-07,6340,159
kWBnIGNKxvQ,&quot;Paxtakor&quot; futbolchilarining chempionlikdan keyingi fikrlari,2021-11-06,6156,112
agCMjvXhCjE,&quot;Kichkina kamera&quot;. &quot;Paxtakor&quot; 14-chempionlikni qanday nishonladi?,2021-11-06,5945,76
fvviA46m4A8,¬´–§—É—Ç–±–æ–ª—å–Ω–∞—è –º–∞—Ö–∞–ª–ª—è¬ª - –ö–∞—Ö–∏ –ú–∞—Ö–∞—Ä–∞–¥–∑–µ,2021-11-06,1810,59
7INV2gxFYyY,Paxtakor - Surxon 5:0. Highlights,2021-11-06,4801,76
RP8wHjQ_SXk,Mash‚Äôal - Turon 0:0. Highlights,2021-11-06,876,10
LsrLRrUJIfU,Eldor porlagan Osiyo Kubogining eng yorqin o&#39;yinlari,2021-11-06,58451,790
oE6W23pbEpI,Kichkina kamera. Ikkita penalti va bitta gol - &quot;Lokomotiv&quot; &quot;So&#39;g&#39;diyona&quot;ni qanday mag&#39;lub etdi?,2021-11-05,1708,25
1RbTgCOAmTY,Navbahor - Metallurg 1:0. Highlights,2021-11-05,4828,84
UMFjIORLdMs,Lokomotiv - So&#39;g&#39;diyona 1:0. Highlights,2021-11-05,1834,36
2__qEkjD8OY,Bunyodkor - Qizilqum 1:0. Highlights,2021-11-05,673,13
C4xet94huqE,AGMK ‚Äì ‚ÄúAndijon‚Äù 3:2. Highlights,2021-11-05,2374,36
i3Ll8M0dr0I,"&quot;Nasaf&quot; Bahrayndagi finalga qanday kuzatib qo&#39;yildi? Berdiyev, Eshmurodov va Ergashev qanday fikrda?",2021-11-03,10856,466
NHg7eTpFBpg,Chekka qishloqdan chiqqan Andrey Shevchenko haqida. Bir Futbolchi Tarixi 6-son,2021-11-02,3063,128
VSpcJEV7NU,Hamidjon Aktamov bilan jonli efirda intervyu,2021-11-01,11349,299
APBdk948Fbk,&quot;Kichkina kamera&quot;. Jizzaxdagi  &quot;jang&quot; qanday tugadi?,2021-10-30,98128,966
QFIBNmWEsfk,&quot;Ko&#39;chadagi kamera&quot;: &quot;Oltin to&#39;p&quot;ni kim oladi? (Qarshi shahridan),2021-10-29,2045,79
3haPRsX60-Y,"Eldor xizmat doirasidan tashqarida, Iste&#39;fo va antirekordlar",2021-10-28,6725,282
g0o8X8FETdc,&quot;Tezkor studiya&quot;. O&#39;zbekiston - Saudiya Arabistoni 2:2. Yana yuta olmadik,2021-10-27,4343,112
_14xCHe-mPc,O&#39;zbekiston vs Saudiya Arabistoni revansh vaqti keldi,2021-10-27,22084,452
QS_gLqqkxKo,&quot;Futbol olami&quot;. Murabbiylar qo&#39;zg&#39;olon ko&#39;targan Superliganing 23-turi haqida,2021-10-26,22720,469
pTE0GxKWPzk,&quot;Tezkor studiya&quot;. O&#39;zbek futboli jar yoqasidami?,2021-10-25,10011,265
xiW67c-b5dk,Piter Xyuistra Jizzaxdagi stadion haqida: &quot;Bunday maydonda itlarni ham sayr qildirishmaydi&quot;,2021-10-24,13365,313
EakSdQr9jAU,&quot;Ko&#39;chadagi kamera&quot;. &quot;Nasaf&quot; nega O&#39;zbekistonda chempion bo&#39;lolmaydi?,2021-10-24,14064,366
atDJ8ZJBJDQ,Kichkina kamera. &quot;Bunyodkor&quot; &quot;Turon&quot;ni qiynab mag&#39;lub etgan kecha,2021-10-23,2796,51
ih114MCzjp0,Mikael Sekeyra portladi: Shunaqa davom etsa O&#39;zbekiston hech qachon JCHga chiqmaydi!,2021-10-23,39894,1350
gbZued94Q-c,Superliga. Bunyodkor - Turon 3:1. Highlights,2021-10-22,4449,84
5dwiQlVOrJ8,Superliga. Surxon - Qizilqum 1:0. Highlights,2021-10-22,2775,69
M3uFyetvIzw,"Masharipov to&#39;xtamayapti, OFK futbolchimizni e&#39;tirof etdi. Jaloliddinning goliga ovoz bering",2021-10-22,22783,700
Uqi7hhaq2TI,Superliga. Metallurg ‚Äì AGMK 0:1. Highlights,2021-10-21,1350,31
LbU96nhc3kQ,"–ñ–∞–Ω–∂–∞–ª, –∂–∞—Ä–æ“≥–∞—Ç, –≥–æ–ª–ª–∞—Ä ‚Äî “ö–∞—Ä—à–∏–¥–∞–≥–∏ —û–π–∏–Ω–¥–∞–Ω &quot;–ö–∏—á–∫–∏–Ω–∞ –∫–∞–º–µ—Ä–∞&quot;",2021-10-21,33471,593
LbU96nhc3kQ,"–ñ–∞–Ω–∂–∞–ª, –∂–∞—Ä–æ“≥–∞—Ç, –≥–æ–ª–ª–∞—Ä ‚Äî “ö–∞—Ä—à–∏–¥–∞–≥–∏ —û–π–∏–Ω–¥–∞–Ω &quot;–ö–∏—á–∫–∏–Ω–∞ –∫–∞–º–µ—Ä–∞&quot;",2021-10-21,33471,593
7mDvWihcXiM,"&quot;Sherdor&quot; nohaq chetlatilgan, Samarqand uchun bitta klub kam, JCHga noloyiqmiz&quot; - Baxtiyor Sattorov",2021-10-21,12200,332
VUngIUoRsmM,Kichkina kamera. Nasaf  -  FINALDA. Qarshidan eksklyuziv kadrlar,2021-10-20,25547,844
gIIiK0xJp14,&quot;Tezkor studiya&quot;. OFK Kubogi. &quot;Nasaf&quot; - FINALDA!,2021-10-20,12595,352
QwZuLQlVsUE,Dubl 21. AGMK nimaning evaziga chempion bo&#39;ldi? Shomurodovning birinchi murabbiyidan g&#39;alaba,2021-10-20,1686,58
tL0rHb33peo,OFK Kubogi. &quot;Nasaf&quot; yarim finaldan oldin rasmiy mashg&#39;ulot o&#39;tkazdi,2021-10-19,7323,228
pWCDcaoQbzc,&quot;Futbol olami&quot;. Superliganing 22-turida nimalar sodir bo&#39;ldi?,2021-10-19,15843,377
pOhOgXItLm4,Superliga-2021. 22-turning eng chiroyli gollari TOP-5,2021-10-19,2340,54
b8rvEplQboA,Superliga-2021. 22-turning barcha gollari,2021-10-19,2014,42
UAVlNgcKOB4,Superliga. Navbahor ‚Äì Bunyodkor 2-1 Highlights,2021-10-17,15552,314
XhdI_XmcFYw,Superliga. Lokomotiv ‚ÄìAndijon  2:2. Highlights,2021-10-17,10493,194
TLVUPnakE6c,&quot;Kichkina kamera&quot;. Aktamov Firdavs Norsafarovga: Xudodan qo&#39;rq! Suyunovdan Kenjaboyevga &quot;zarba&quot;,2021-10-16,37790,440
mOqAnBaW0EI,üî•üî•üî• Hamidjon Aktamov &quot;Paxtakor&quot; bilan o&#39;yindan keyin jiddiy gapirdi,2021-10-16,42214,1217
DHJQLE1XHSU,Superliga. Turon ‚Äì Surxon 1:1. Highlights,2021-10-16,3801,76
bKLzpG5dqJE,Superliga. Paxtakor - Qizilqum 4:2. Highlights,2021-10-16,18513,207
T5NSLXABE6A,Superliga. AGMK - Mash&#39;al 3:2. Highlights,2021-10-15,5696,110
nX1jklA8qHc,"Shomurodovda 14 MLN, Masharipov xorazmliklarga yordam berdi, Odil Junior barchasini isbotladi",2021-10-15,11736,348
HWfUnVna43g,O&#39;zbekiston MTJ Iordaniyadan qaytib keldi. Katanets yo&#39;q,2021-10-14,20438,383
B7xob42eP44,"&quot;Tezkor studiya&quot;. Qosimov, Xoliqov va Beg&#39;amov sharmandali mag&#39;lubiyat sabablarini muhokama qilishdi",2021-10-13,10872,283
sa937dHS7-Q,Jurnalist minbari. Sherzod Rajabov Eldorni Abraxam bilan solishtirdi va Katanets haqida gapirdi,2021-10-12,3418,62
8GAfIQQU8Fc,O&#39;zbekiston vs Iordaniya 0-3 (Tarixni eslaymiz),2021-10-12,45854,439
MYYh4gLtvpU,"O&#39;zbekiston vs Iordaniya Masharipov o&#39;ynamaydi, Statistika termamiz Iordaniyaga hali mag&#39;lub bo&#39;lmag",2021-10-12,34251,496
dMX5KMF9zaE,O&#39;zbekiston vs Iordaniya o&#39;rtoqlik o&#39;yini  #LIVE 19:00 (12.10.2021),2021-10-12,7555,159
-jQBPlxo8-Y,"Futbolda haqiqat yo&#39;q, VAR ning ko&#39;zlari ko&#39;rmi?",2021-10-11,89441,770
EJVqgbx2-i4,O&#39;zbekiston - Malayziya 5:1 o&#39;rtoqlik o&#39;yini. Highlights,2021-10-09,2968,147
87daOldUvvI,&quot;–ù–µ—Ñ—Ç—á–∏&quot;–Ω–∏–Ω–≥ –π–∏“ì–ª–∞–≥–∞–Ω –º—É—Ö–ª–∏—Å–∏ –±–∏–ª–∞–Ω –∏–Ω—Ç–µ—Ä–≤—å—é,2021-10-09,11832,638
BFXETVD-YLo,O&#39;zbekiston vs Malayziya o&#39;rtoqlik o&#39;yini,2021-10-09,21562,427
cOHLlBGf49A,Yozning eng qimmat transferlari Eldor Ronaldu va Messidan oldinda,2021-10-08,5675,484
H7SuqvoSxL4,Nega Jahon chempionatiga chiqa olmaymiz? Sababi aniq. Ro&#39;ziqul Berdiyevning akasidan ilmiy yondashuv,2021-10-06,22263,695
Ok8gVLGYCAE,Superliga-2021. 21-turning eng chiroyli gollari TOP-5,2021-10-05,3817,66
tBIwpYQdVco,Superliga-2021. 21-turning barcha gollari,2021-10-05,2678,49
I8PTwoGdQbc,Superliga. Qizilqum - Turon 2:1. Highlights,2021-10-03,3051,62
Y7cNBSu8UBU,Superliga. Surxon - Navbahor 1:0. Highlights,2021-10-03,4940,106
fU03_NuMs8M,&quot;Kichkina kamera&quot;. &quot;Andijon&quot; - &quot;So&#39;g&#39;diyona&quot; uchrashuvida muxlislarga 5 baho,2021-10-03,3878,100
Tbcer1cjgfE,Superliga. Bunyodkor ‚Äì AGMK 1:1. Highlights,2021-10-02,4089,81
V_vhS73sT64,Superliga. Andijon ‚Äì So&#39;g&#39;diyona 0:0. Highlights,2021-10-02,3391,66
mMIymTEIvSI,Superliga. Mash&#39;al - Nasaf 0:1. Highlights,2021-10-02,5153,132
Ob_xlad32i8,Ko&#39;chadagi Kamera. Nasaf tarixidagi eng yaxshi futbolchi kim?,2021-10-02,10863,294
XtSoLHrH9UA,"Dostonbek Tursunov: &quot;Qiyinchiliklar, Abramov, MTJ, Katanets va Shomurodov haqida&quot;",2021-10-02,8346,261
EGuXNSHUZd8,Superliga. Metallurg 1:2 Lokomotiv. Highlights,2021-10-01,4167,77
bMaozQVabq4,Superliga. Qo&#39;qon-1912 4:2 Paxtakor. Highlights,2021-10-01,24277,395
1iZArrjDtUo,"Terma jamoaga chaqirilgan futbolchilar ro&#39;yxati  Yaxshiboyev, Umarov, Norchayevlar tarkibda",2021-10-01,39931,728
Cz3oUoLr6bo,Shomurodov  O&#39;zbekistonning eng kuchli futbolchisi kimligini aytdi,2021-09-30,28341,674
lozBLzIDp_M,Championat.asia TV - 29 sentabr (test efir),2021-09-29,7332,238
TMqRhJjhOL0,Yaxshiboyev Realga gol urib barchasini isbotladi. Jasurni qachon top 5 da ko&#39;ramiz?,2021-09-29,30798,1165
CqjFLUvq50A,Superliga-2021. 20-turning eng chiroyli gollari TOP-5,2021-09-29,3608,93
DcVSwyiR6W0,Superliga-2021. 20-turning barcha gollari,2021-09-29,1947,37
9maUh-rO3CI,Jasur Yaxshiboyev Real Madridga tarixiy gol urdi. O&#39;zbek futbolidagi eng mashxur gollar 3-qism,2021-09-29,59144,1078
bHx4-4z_kiE,Superliga. Lokomotiv ‚Äì Mash&#39;al 2:1. Highlights,2021-09-27,4607,89
gDSGzyEgOU,Superliga. Nasaf - Bunyodkor 5:0. Highlights,2021-09-27,53300,1145
5oL1HDvVyKk,&quot;Kichkina kamera&quot;. &quot;Paxtakor&quot; - &quot;Turon&quot; uchrashuvi qanday o&#39;tdi?,2021-09-27,3503,51
r8LxvyQIfvY,Superliga. Navbahor ‚Äì Qizilqum 0:0. Highlights,2021-09-26,3681,61
2QEQx0U97M,Superliga. So&#39;g&#39;diyona - Metallurg 2:0. Highlights,2021-09-26,3293,88
DKl_wNJPv7c,Superliga. Paxtakor - Turon 3:1. Highlights,2021-09-26,4965,98
VgvHHne5Nls,O&#39;zbekiston futzal terma jamoasi yurtimizga qaytib keldi + hissiyotli intervyular,2021-09-26,8045,363
jtOf9oAsG34,Superliga. Qo‚Äôqon1912 ‚Äì Andijon 1:1. Highlights,2021-09-25,5849,100
ZEO_UFSo8H4,O&#39;FAda saylov bo&#39;ldi. Abdusalom Azizov va Ravshan Ermatov o&#39;z lavozimga qayta saylanishdi,2021-09-25,2751,55
WJ3gWv51ImI,O&#39;zbekiston va Eron 1/8 final Jonli Efir 19:30,2021-09-24,13072,320
TkWjWpRpYI4,"Mour telba, bugun Eldor asosiy tarkibda maydonga tushmaydi",2021-09-23,8000,213
hIV4Icu27jc,Superliga-2021. 19-turning eng chiroyli gollari TOP-3,2021-09-23,2552,50
cr6KdwD3AZw,Superliga-2021. 19-turning barcha gollari,2021-09-23,1070,22
MQFolTiMshI,Nasaf va Mohun Bagan (OFK kubogi) uchashuvini tomosha qiling,2021-09-22,17514,398
gkXbHx0wB6o,&quot;So&#39;g&#39;diyona&quot;. Nega Shohruz Norxonovning gollari kamaydi?,2021-09-22,730,29
AN9Kb9iY0nY,&quot;Nasaf&quot; &quot;Mohun Bagan&quot; bilan o&#39;yindan oldin rasmiy mashg&#39;ulot o&#39;tkazdi,2021-09-22,3953,159
00NNda03Kyo,PSJda taxt uchun kurash Messi Pochettino janjali,2021-09-21,8846,197
G8vKfgYb15Q,üî•üî•üî•Superliga. Bunyodkor - Lokomotiv 3:2. Highlights,2021-09-21,7728,183
hw1gHCVUxko,Superliga. Mash&#39;al - So&#39;g&#39;diyona 0:0. Highlights,2021-09-21,1091,25
J_09tHL9jGI,&quot;Paxtakor&quot; klubi raisi o&#39;rinbosari Dilshod Karimov: &quot;Muxlislar xotirjam bo&#39;laverishsin...&quot;,2021-09-21,3553,72
2xc93O5xW_o,OFK kubogi. Ro&#39;ziqul Berdiev: &quot;Ertangi g&#39;alabamiz O&#39;zbekiston uchun katta foyda bo&#39;lishi mumkin&quot;,2021-09-21,5038,183
69EaZZAGlYE,Superliga. Turon - Navbahor 0:1. Highlights,2021-09-20,7444,123
CM_-a1h_7cs,Superliga. Qizilqum - AGMK 0:0. Highlights,2021-09-20,1223,29
HYkqgkDiPI0,Ota loyihasi. &quot;Paxtakor&quot; himoyachisi Hojiakbar Alijonovning dadasi Ulug‚Äòbek aka bilan suhbat,2021-09-20,1414,52
XwUzil8c1gk,Superliga. Metallurg - Qo‚Äôqon-1912 0:1. Highlights,2021-09-19,2031,42
qI_eniM_SH4,Superliga. Andijon ‚Äì Paxtakor 1:0. Highlights,2021-09-19,18796,323
Bn1QmHQgPLo,"&quot;Jurnalist minbari&quot;. Eldor Mustafoyev - sharhlovchilar, MTRK va superliga haqida",2021-09-19,6438,254
ccENOW02QwI,Futzalda Tarixiy g&#39;alaba Terma Jamoa jahon chempionati chorak finaliga chiqdi,2021-09-19,15647,775
BofTWy6D53Y,Superliga-2021. 18-turning eng chiroyli gollari TOP-5,2021-09-18,2522,60
kutawrshsP4,Superliga-2021. 18-turning barcha gollari,2021-09-18,1411,30
9nHtdZlZtos,"Matbuot anjumani, Eldorda 2 assist Mour yana nimadan norozi.",2021-09-17,27871,621
31C_eYUVmG8,Shomurodovning SSKA Sofiyaga qarshi o&#39;yindagi ikki golli uzatmasi va o&#39;yindagi harakatlari,2021-09-17,24877,490
EkyX_G7QHjo,Superliga. So&#39;g&#39;diyona - Bunyodkor 0:0.Highlights,2021-09-16,1845,38
4uKhUPRl-Mo,"&quot;Andijon&quot;dek mehribon komandani qayerdan topasilar, yana keselar yana 3 ochko beradi ¬©Ô∏è",2021-09-16,4365,39
jG8M5lW4V5s,"Yaxshiboyev qaytdi, Gol va Assist  Sherifda g&#39;alaba, keyingi o&#39;yin Real Madridga qarshi",2021-09-16,21848,607
64HopvBYQsk,Superliga. Paxtakor - Navbahor 0:0. Highlights,2021-09-15,8477,150
RXRTb53nZX4,Superliga. Andijon - Metallurg 1:2. Highlights,2021-09-15,2402,49
ZEaXPkoYVSc,Superliga. Qo‚Äôqon-1912 - Mash‚Äôal 2:2. Highlights,2021-09-14,3137,71
bzkgJ_Y9_9g,Futbolda yangi davr boshlanmoqda,2021-09-13,11052,491
QqNNZmYX73w,&quot;Tezkor studiya&quot;. Futzalchilarimizga nima bo&#39;ldi? Superligada dabdala o&#39;yinlar,2021-09-13,4770,137
5YMjfGB1QqU,Superliga-2021. 17-turning eng chiroyli gollari TOP-5,2021-09-12,4542,61
bgn5N7ip_ew,Superliga-2021. 17-turning barcha gollari,2021-09-12,1748,46
SaFXyqujUSE,Superliga. &quot;Turon&quot; - &quot;Nasaf&quot; 0:2. Highlights,2021-09-11,7770,193
acE8caV45nM,Superliga. Qizilqum - Lokomotiv 0:0. Highlights,2021-09-11,1179,29
ATyc8XlIBNY,Superliga. Surxon - So&#39;g&#39;diyona 0:1. Highlights,2021-09-11,2199,54
eaKUv-tcQXI,"Termada yo&#39;qotish jarohat jiddiy, shvetsiyalik futbolchi uzr so&#39;radi  Eldor haqida fikrlar",2021-09-11,9406,327
6ECGdQnsjlo,Superliga. Navbahor - AGMK 0:0. Highlights,2021-09-10,4585,77
4pIFaFYyXzs,Superliga. Mash‚Äôal - Andijon 0:1. Highlights,2021-09-09,6661,137
5f61He0cqko,O&#39;zbek futbolidagi eng quvonchli lahzalar 1-qism,2021-09-09,20634,498
J7H-Esr6R4s,Eldor Ronaldudan o&#39;tib ketdi Match TV,2021-09-08,16721,410
I7SVyMzVHLU,Shvetsiya - O&#39;zbekiston. Siz ko&#39;rmagan eksklyuziv lavhalar,2021-09-07,31813,640
InbnFImX7ro,O&#39;zbek futbolida yana umid paydo bo&#39;ldi,2021-09-06,32293,813
ddZGjpczA3U,Statistika O&#39;zbekiston Shvetsiya bilan qanday o&#39;ynadi,2021-09-06,22588,535
m1YkUbM3L6E,Srechko Katanec after the friendly match Sweden - Uzbekistan,2021-09-05,9932,273
kFCzmt1E4H0,&quot;Tezkor studiya&quot;. Shvetsiya - O&#39;zbekiston 2:1. O&#39;yin haqida,2021-09-05,32639,655
PUjrDwKt1Qs,&quot;Tezkor studiya&quot;. Shvetsiya - O&#39;zbekiston. O&#39;yindan oldingi JONLI EFIR,2021-09-05,12080,376
ySs2EC7EbNE,&quot;Ota&quot; loyihasi. Temurxo‚Äòja Abduxoliqovning dadasi Zoir aka bilan suhbat,2021-09-05,2236,67
FfageNTNFEU,O&#39;zbekiston MTJ &quot;Friends Arena&quot;da rasmiy mashg&#39;ulot o&#39;tkazdi,2021-09-04,16314,597
mz50q2QlpRk,"‚ö°Ô∏èIntervyu. Jaloliddin Masharipov-&quot;Paxtakor&quot; rahbariyati, terma jamoa yangi sardori va o&#39;g&#39;li haqida",2021-09-04,32701,975
KXsipQyAouE,üî•üî•üî• Intervyu. Eldor Shomurodov: &quot;Eng yomon ko&#39;rganim murabbiylarni solishtirish&quot;,2021-09-04,21514,675
rK_rYI-BHrE,O&#39;zbekiston MTJ. Shvetsiyada mashg&#39;ulotlar davom etmoqda + Katanets bilan suhbat,2021-09-04,26930,888
x-hrtZy1dQI,Shvetsiyadan eksklyuziv reportaj. O&#39;zbekiston MTJ mashg&#39;uloti qanday o&#39;tdi?,2021-09-03,17743,571
hqDm7on3Fv0,"Nasaf effekti, Endi OCHLda 4 ta klubimiz ishtirok etishi mumkin",2021-09-01,43224,824
Ik8mDgwKixY,O&#39;zbekiston MTJ. Masharipov va Abdullayevni &quot;tepishdi&quot;,2021-09-01,46367,735
zEHtR2gYq-g,&quot;Tezkor studiya&quot;. &quot;Navbahor&quot; va Andrey Kanchelskis kim haq? SILA yuristi bilan jonli suhbat,2021-08-31,2564,49
QMyW_38pI6w,"Yaxshiboyev Chexiya klubiga o&#39;tdi, Ibrohimxalilga Jenoadan taklif bo&#39;lgandi ammo..",2021-08-30,17715,472
uDZl7lNYlfU,O&#39;zbekiston U-21 terma jamoasi yig&#39;inidan reportaj (+Kapadzedan intervyu),2021-08-30,10475,200
zZKh05ndvRw,Superliga-2021. 16-turning eng chiroyli gollari TOP-5,2021-08-30,5487,77
XEV81xZKJdI,Superliga-2021. 16-turning barcha gollari,2021-08-30,4351,61
kmF1fX8abCs,Superliga. Nasaf - Navbahor 0:1. Highlights,2021-08-29,14610,270
lXOtN9ws8H8,"O&#39;zbekiston MTJ. Masharipov va Shukurov keldi, Shomurodov esa...",2021-08-29,22444,514
zmZA6c2_VWA,"&quot;Tezkor studiya&quot;. Superliga, Paralimpiya va Yevrofutbol haqida",2021-08-28,3256,110
_mQGE-zLWNw,Superliga. Lokomotiv - Turon 3:1. Highlights,2021-08-27,5149,122
g5ESveCuk-c,Srechko Katanets: &quot;Oldimizda aniq maqsad bor - Jahon chempionatiga chiqish&quot;,2021-08-27,35040,623
zXMFt8K0rCw,Superliga. Paxtakor - AGMK 1:0. Highlights,2021-08-26,4625,93
xA8_bZ5mqWs,Roma vs Trabzonspor jonli efir  LIVE 26.08.2021,2021-08-26,18658,249
lwbXiVTCD94,Superliga. Andijon - Bunyodkor 1:4. Highlights,2021-08-26,4150,87
691gUPOtHmQ,Superliga. So&#39;g&#39;diyona - Qizilqum 2:1. Highlights,2021-08-25,4547,102
4ep5PGIlv68,Superliga. &quot;Qo&#39;qon-1912&quot; - &quot;Surxon&quot; 2:0. Highlights,2021-08-25,2417,53
Ty98J5yotl4,"&quot;–¢–µ–∑–∫–æ—Ä —Å—Ç—É–¥–∏—è&quot;. &quot;–ù–∞—Å–∞—Ñ&quot; - &quot;–ê“≥–∞–ª&quot;, –°—É–ø–µ—Ä–ª–∏–≥–∞ –±—É–≥—É–Ω–≥–∏ —û–π–∏–Ω–ª–∞—Ä LIVE",2021-08-25,6520,196
GUaqHb5x3Og,&quot;Nasaf&quot; OFK Kubogi doirasida &quot;Ahal&quot;ga qarshi uchrashuv oldidan rasmiy mashg&#39;ulot o&#39;tkazdi,2021-08-24,4465,151
rY1AcQF2Xt8,Nasaf vs Ahal OFK kubogi chorak final. O&#39;yin haqida batafsil,2021-08-24,21814,655
InuEn0BPTqg,Eldor 1-turda asosiy tarkibda maydonga tushadimi. Roma vs Fiorentina A seriya 1-tur,2021-08-21,17031,467
pFbVBgIY1Tk,&quot;–¢–µ–∑–∫–æ—Ä —Å—Ç—É–¥–∏—è&quot;. –®–æ–º—É—Ä–æ–¥–æ–≤ &quot;–†–æ–º–∞&quot;–¥–∞ –≥–æ–ª —É—Ä–¥–∏. –é–∑–±–µ–∫–∏—Å—Ç–æ–Ω –∫—É–±–æ–≥–∏–¥–∞ –±—É–≥—É–Ω –∏–∫–∫–∏—Ç–∞ –∞–∂–æ–π–∏–± —û–π–∏–Ω –±–æ—Ä,2021-08-20,7382,226
viTBsYDEAbg,Shomurodov Trabzonsporga ajoyib gol urdi,2021-08-19,16195,515
z6ogTP_XTFM,"&quot;–¢–µ–∑–∫–æ—Ä —Å—Ç—É–¥–∏—è&quot;. –ë—É–≥—É–Ω –®–æ–º—É—Ä–æ–¥–æ–≤, –ú–∞—à–∞—Ä–∏–ø–æ–≤ —û–π–Ω–∞–π–¥–∏, –é–∑–±–µ–∫–∏—Å—Ç–æ–Ω –ò—Å–ø–∞–Ω–∏—è–≥–∞ “õ–∞—Ä—à–∏",2021-08-19,9229,253
Y2HaM1FaC9o,Roma vs Trabzonspor #LIVE jonli_efir,2021-08-19,60158,802
suO-jUcjvAw,Asr transferi Ronaldu barchasini ma&#39;lum qildi,2021-08-19,5565,227
FApgv238xt4,Terma jamoa. Katanes necha pullik murabbiy?,2021-08-17,19975,481
GUrnV7mG3Bw,Superliga-2021. 15-turning eng chiroyli gollari TOP-5,2021-08-16,4454,72
-Kf4TfeDzps,Superliga-2021. 15-turning barcha gollari,2021-08-16,3387,59
AJuR8xkvP8E,Superliga. Navbahor - Lokomotiv 1:0. Highlights,2021-08-15,13435,237
G1Hr48eRXWE,Superliga. AGMK - Nasaf 1:1. Highlights,2021-08-15,7680,160
UCVxuffyV08,Superliga. Turon - So&#39;g&#39;diyona 1:0. Highlights,2021-08-14,7478,151
ROOhv6wm5FM,Superliga. Qizilqum - Qo&#39;qon-1912 - 2:2. Highlights,2021-08-14,4779,81
E154tMPfJ2k,O&#39;zbekiston futzal terma jamoasi Ispaniyaga uchib ketdi - keyingi manzil JCH,2021-08-14,3414,81
VKFNUDdZzh4,Superliga. Bunyodkor - Metallurg 2:0. Highlights,2021-08-13,4958,90
pA64SEfVVl4,Superliga. Mash&#39;al - Paxtakor 0:1. Highlights,2021-08-13,4491,72
Ha_iPzAcTTU,Olimpiada chempioni va rekordchisi Akbar Jo&#39;rayev bilan suhbat,2021-08-13,5497,163
l34PwgCKVBU,Srechko Katanes Terma Jamoa bosh murabbiyi,2021-08-13,30216,591
Zyf_5O-ey2U,Bahodir Ahmedov va futzalchilar matbuot anjumanida qatnashishdi,2021-08-12,2353,101
OZxzL913_oo,"&quot;Tezkor studiya&quot;. O&#39;zbekiston MTJ bo&#39;lajak bosh murabbiyi ma&#39;lum, Messi PSJda",2021-08-11,12493,337
-0eXA9L__eQ,Superliga-2021. 14-turning eng chiroyli gollari TOP-5,2021-08-09,5555,93
bM_ALwNRMns,Superliga-2021. 14-turning barcha gollari,2021-08-09,2257,28
gItdMRERtq8,Superliga. So&#39;gdiyona - Navbahor 1:0. Highlights,2021-08-08,4991,93
vRlP3YiGefw,Superliga. Qo‚Äôqon-1912 - Turon 2:2. Highlights,2021-08-08,6274,98
guljJbc0zk4,Superliga. Lokomotiv - AGMK 1:1. Highlights,2021-08-07,4326,82
f59Gqcu-PJE,Superliga. Andijon - Qizilqum 1:1.Highlights,2021-08-07,5223,84
_MLraNnaFTk,Superliga. Paxtakor - Nasaf 1:0. Highlights,2021-08-06,9537,158
JgcarkweqM8,Superliga. Mashal - Bunyodkor 1:1. Highlights,2021-08-06,3630,52
ICwCtNZtQug,Davlat Bobonov qanday oilada tarbiya ko&#39;rgan? Uning ota-onasi bilan suhbat,2021-08-04,7593,231
rHuI-4CFqmg,"Rimda Eldordan nimalar kutishmoqda, Klub tarixi va buguni haqida batafsil",2021-08-04,19261,586
x8fo6m8h5e4,Mourinyo Eldor bilan nimani gaplashdi? Eldordan ilk intervyu,2021-08-03,158576,2882
298pH5zPYxc,Superliga-2021. 13-turning barcha gollari,2021-08-03,3605,56
7XuNlYBzpoo,"&quot;Tezkor studiya&quot;. Superligada tanaffus tugadi, Olimpiada esa davom etadi",2021-08-02,4454,135
jX7OFp2EIXk,Superliga. Qo&#39;qon-1912 - Navbahor 1:2. Highlights,2021-08-01,20277,365
BtIcnKoMM-U,Superliga. Metallurg - Qizilqum 1:2. Highlights,2021-08-01,4811,103
z4ogc9pVta0,"Tokio-2020. Bahodir Jalolov medalni naqd qildi, Tasmuradov medalsiz qoldi",2021-08-01,23606,447
Zb5reXhq4GE,Superliga. Paxtakor - Bunyodkor 1:0. Highlights,2021-07-31,8139,141
hv2ThWPah_E,Superliga. So&#39;g&#39;diyona - AGMK 0:0. Highlights,2021-07-31,3311,72
2qYc-oxL3f4,Superliga. Mash&#39;al - Surxon 2:1. Highlights,2021-07-30,5817,120
box6u-fkzw,Superliga. Lokomotiv - Nasaf 2:0. Highlights,2021-07-30,7195,138
nnAoo9evVbU,"&quot;Tezkor studiya&quot;. Bahodir Jalolovda g&#39;alaba, qolganlardachi?",2021-07-29,8093,277
Ud4thA-eOuU,Breaking Eldor Shomurodov Romaga o&#39;tdi,2021-07-29,31962,950
8STHkEecLI,"&quot;Tezkor studiya&quot;. Bronza medal muborak, bokschilarimizga esa nohaqlik qilishdi",2021-07-28,10272,298
yUNe8kAtchY,Mourinyoga Eldor kerak #Tahlil,2021-07-27,18883,639
pHmxYR8ag8,&quot;Tezkor studiya&quot;. Medal ostonasidagi kun,2021-07-26,7554,258
5FYSNbQwduQ,Tezkor studiya. Tokiodagi birinchi OLTIN MEDAL! Taekvondochi Ulug&#39;bek Rashitov - chempion!,2021-07-25,25667,552
GSb9qSFnF5E,"Tokio-2020. Olimpiadaning birinchi kuni, 25 iyulda kimlar ishtirok etadi?",2021-07-24,16382,376
DwvYH7q5UGU,Murod Xonto&#39;rayevning top 10 daxshatli nokautlari,2021-07-24,899897,10470
JjFR-rIPqpY,Tokio-2020 ochilish marosimi. O&#39;zbekistonda bayroqdor nega o&#39;zgardi?,2021-07-23,40361,662
dBC7wlnbP34,"Tokio-2020. Qur&#39;a tashlandi, dastlabki raqiblarimiz ma&#39;lum",2021-07-22,14214,335
TRfzEw8dPd8,Rasmiy Xabar Igor Sergeyev Tobol klubiga o&#39;tdi,2021-07-19,4168,101
fYGAM_aNbO0,A LIGA. &quot;Orient Motors&quot; - —á–µ–º–ø–∏–æ–Ω!,2021-07-18,2467,46
L5JN0pAzVfQ,Bugun Yevropa klubida ikki futbolchimiz debyut qiladi,2021-07-17,12693,244
dBWqWp_fec,"Sardor Rashidov Paxtakordan ketdi, Alisher Usmonov, Yevropa, Ikki futbolchimiz jamoasini o&#39;zgartirdi",2021-07-15,37138,616
JZchhx_NsSg,"¬´Samisov bilan¬ªning 4-soni‚Äî 2015-yilgi U-20 JCH, O&#39;zbekiston yoshlar terma jamoasi va Olimpik haqida",2021-07-15,2169,49
BZ3o_-8EWrI,"&quot;Yevro studiya&quot;. Italiya Yevropa qiroli, Angliya yana 55 yil kutadimi?",2021-07-12,3375,74
HWrIc-Koc-0,&quot;Yevro-studiya&quot;. Finalda kim g&#39;olib bo&#39;ladi? + UFC&#39;da Konorning oyog&#39;i sindi,2021-07-11,3029,70
61DRyoaX_JU,"Jenoa Shomurodovning o&#39;rniga boshqa futbolchi topdi, Eldor nega sotilayotgani ma&#39;lum qilindi",2021-07-10,29535,558
C2fVdMNyY1s,Samvel Babayan futbolga qaytmoqda,2021-07-09,11675,224
v7ePC4xcjSw,U-23. Qu&#39;ra haqida Avaz Berdiqulov va Ravshan Haydarovning fikrlari qanday?,2021-07-09,10791,206
Hp50jfWuTvg,Xorazmdan chiqqan millioner Jaloliddin Masharipov,2021-07-08,538328,4944
Voh6ZltUUdw,–ë—É–Ω–∞“õ–∞—Å–∏ “≥–∞–ª–∏ –±—û–ª–º–∞–≥–∞–Ω: VAR “õ–∞–Ω–¥–∞–π –∏—à–ª–∞–π–¥–∏? –ó–∞–º–æ–Ω–∞–≤–∏–π —Ç–µ—Ö–Ω–æ–ª–æ–≥–∏—è–Ω–∏ —è“õ–∏–Ω–¥–∞–Ω —û—Ä–≥–∞–Ω–∞–º–∏–∑,2021-07-07,7788,115
q2rJcjXx5ko,Yangiliklar Ermatov ham xato qilgan,2021-07-06,8347,120
8EjlYoZ_-Ko,Superliga-2021. 12-turning eng chiroyli gollari TOP-5,2021-07-06,5945,120
5jhZTKbyev0,Superliga-2021. 12-turning barcha gollari,2021-07-06,2152,29
bGtKt51qEhc,Superliga. Paxtakor - Lokomotiv 2:1. Highlights,2021-07-04,10598,179
jelXA33kXbw,Superliga. Navbahor - Andijon 0:1. Highlights,2021-07-03,18567,312
RWFCXnQL1sM,Superliga. AGMK - Qo&#39;qon-1912 2:1. Highlights,2021-07-03,4284,100
gEBEFafO3EU,Eldor Shomurodov Roma nishonida. Shaxsan Mourinyo buni istamoqda,2021-07-03,21023,750
SYcY79VJAaA,"&quot;Tezkor va Yevro studiya&quot;. &quot;Turon&quot;dan tarixiy g&#39;alaba. Xayr, Belgiya",2021-07-03,3469,76
oJk5ybENDsc,"Dilshod Rahmatov - Braziliya bilan o&#39;yin, yosh futzalchilarga maslahat va 2018-yilgi pasayish haqida",2021-07-02,1895,96
fK5-al-IQYk,Futbolchimizga Belgiyadan taklif tushdi,2021-06-30,14072,354
XQZ7MUJE3M4,Superliga-2021. 11-turning eng chiroyli gollari TOP-5,2021-06-29,6260,128
wJDk5Dc-N0E,Terma Jamoaga germaniyalik mutaxassis olib kelinmoqda,2021-06-29,24842,536
ZnKAoCPHbx0,Superliga-2021. 11-turning barcha gollari,2021-06-29,3385,66
ZNqWvdPCZOo,Superliga. Qo‚Äôqon-1912 - Nasaf 1:2. Highlights,2021-06-28,16432,309
nlqEYTAMpEE,"SHomurodov Yuventus nishonida bu safar jiddiy, Masharipov Paxtakorda",2021-06-28,17646,429
l1QwsFSxbtI,Superliga. Andijon - AGMK 2:3. Highlights,2021-06-27,7286,129
io817ZLosvM,Superliga. Surxon - Paxtakor 0:4. Highlights,2021-06-27,7097,116
ah6yhX6HZOU,"Tezkor va Yevro Studiya. &quot;Qizilqum&quot; 4-o&#39;rinda, Italiya va Daniya chorak finalda",2021-06-27,2457,67
0OcSutWOWt4,Superliga. Qizilqum - Bunyodkor 2:1. Highlights,2021-06-26,6884,151
quRUnpuJ7yo,Superliga. Metallurg - Navbahor 2:2. Highlights,2021-06-26,7694,119
kzk8ZwJjzC8,Superliga. So&#39;g&#39;diyona - Lokomotiv 0:0. Highlights,2021-06-25,4651,101
oeVwUy9Ew64,Futzal. O&#39;zbekiston Venesuela bilan jangovar durang o&#39;ynadi,2021-06-25,4953,110
1fUquMni2u0,"Odil Ahmedovning terma jamoadagi barcha gollari, Odil Ahmedov all goals for national football team",2021-06-24,6091,193
opH01tx1GbU,Superliga. Metallurg - Nasaf 2:1. Highlights,2021-06-23,9832,140
ywunShZQDvs,Superliga. Paxtakor - Andijon 1:0. Highlights,2021-06-23,5579,116
tt0qn7WYgA8,"&quot;Tezkor studiya&quot;. AGMK &quot;Qizilqum&quot;ga taslim bo&#39;ldi, bugun &quot;Paxtakor&quot; va &quot;Nasaf&quot; o&#39;ynaydi",2021-06-23,4575,113
bj6u3521iAw,Superliga. AGMK - Qizilqum 1:2. Highlights,2021-06-22,6548,139
MoglwTy2GXI,Superliga-2021. 10-turning eng chiroyli gollari TOP-5,2021-06-21,3654,68
7cvtV7jNLWk,Superliga-2021. 10-turning barcha gollari,2021-06-21,3991,90
h6byNzZmYgY,Superliga. Nasaf- Andijon 2:0. Highlights,2021-06-20,13138,307
auU3VMISVU,Superliga. Lokomotiv - Qo&#39;qon-1912 - 0:1. Highlights,2021-06-20,5488,84
AeAgdUIftr8,"–¢–µ–∑–∫–æ—Ä –≤–∞ –ï–≤—Ä–æ —Å—Ç—É–¥–∏—è. –ì–µ—Ä–º–∞–Ω–∏—è–¥–∞–Ω –ü–æ—Ä—Ç—É–≥–∞–ª–∏—è–≥–∞ 4—Ç–∞ –≥–æ–ª, –§—Ä–∞–Ω—Ü–∏—è –≤–∞ –ò—Å–ø–∞–Ω–∏—è —é—Ç–∞ –æ–ª–º–∞–¥–∏",2021-06-20,2894,70
AC87zuDw6R4,Superliga. AGMK - Metallurg 2:0. Highlights,2021-06-19,4187,98
4clHACUUnOI,Odil Ahmedov faoliyatini tugatdi. Barchasi uchun rahmat,2021-06-19,25505,474
nXxKPGF1bo4,Superliga. Qizilqum - Surxon 1:1. Highlights,2021-06-18,3334,89
y3v2RM6VQSs,Vadim Abramov qachon istefoga chiqadi?,2021-06-18,22172,714
Lvn_AP88wpA,Tezkor studiya : O&#39;zbekiston muvaffaqiyatsizligi haqida mutaxassislar fikri,2021-06-16,25579,519
1T-teWCeS6o,–ï–≤—Ä–æ-—Å—Ç—É–¥–∏—è. –ö–µ—á–∞ —û—Ç–∫–∞–∑–∏–ª–≥–∞–Ω —É—á—Ç–∞ —û–π–∏–Ω –≤–∞ &quot;—û–ª–∏–º –≥—É—Ä—É“≥–∏&quot;–¥–∞ –±—É–≥—É–Ω–≥–∏ –±–∞“≥—Å–ª–∞—Ä –º—É“≥–æ–∫–∞–º–∞—Å–∏,2021-06-15,2694,63
U1b7fVk4KtY,Matematika Terma Jamoa JCHga chiqadimi,2021-06-14,30013,762
vM5jKUF3b3s,"&quot;–¢–µ–∑–∫–æ—Ä —Å—Ç—É–¥–∏—è&quot;. –Ø–º–∞–Ω–Ω–∏ “≥–∞–º –º–∞“ì–ª—É–± —ç—Ç–¥–∏–∫, –æ–ª–¥–∏–Ω–¥–∞ –°–∞—É–¥–∏—è –ê—Ä–∞–±–∏—Å—Ç–æ–Ω–∏ –±–∏–ª–∞–Ω —û–π–∏–Ω",2021-06-12,13015,404
jZ9pLSWfN0c,O&#39;zbekiston vs Yaman 23:00 #live,2021-06-11,10691,200
d9TZ2knzmJg,Shohjahon Ergashev - Jengo Salimu (weight in + face to face),2021-06-10,15464,345
N1AbOjbEMr8,&quot;–¢–µ–∑–∫–æ—Ä —Å—Ç—É–¥–∏—è&quot;. –é–∑–±–µ–∫–∏—Å—Ç–æ–Ω - –°–∏–Ω–≥–∞–ø—É—Ä 5:0. –ù–∞–≤–±–∞—Ç–¥–∞–≥–∏—Å–∏ –Ø–º–∞–Ω,2021-06-08,12600,386
-l76Zv4NGvA,&quot;–¢–µ–∑–∫–æ—Ä —Å—Ç—É–¥–∏—è&quot;. –é–∑–±–µ–∫–∏—Å—Ç–æ–Ω - –°–∏–Ω–≥–∞–ø—É—Ä —É—á—Ä–∞—à—É–≤–∏–¥–∞–Ω –æ–ª–¥–∏–Ω,2021-06-07,11729,343
i5pwrGRWcZk,&quot;–¢–µ–∑–∫–æ—Ä —Å—Ç—É–¥–∏—è&quot;. &quot;–û“õ-—Ç–µ–ø–∞&quot; –±–æ—à –¥–∏—Ä–µ–∫—Ç–æ—Ä–∏ –ê–ª–∏—à–µ—Ä –®–æ“ì—É–ª–æ–º–æ–≤ –±–∏–ª–∞–Ω –æ—á–∏“õ—á–∞—Å–∏–≥–∞ —Å—É“≥–±–∞—Ç,2021-06-07,6381,133
OldXj2ZxYXE,O&#39;zbekiston MTJda nima tashvishga solmoqda? Uchta o&#39;yinni yuta olamizmi? Kim yetakchi bo&#39;ladi?,2021-06-07,19172,593
ZLyzSj1YbWs,Yevro-2020da kim chempion bo&#39;ladi? Kim to&#39;purar va kashfiyot?,2021-06-04,4027,100
DoW5VOsK2g,Jaloliddin Masharipov Saudiya Arabistoni bilan o&#39;yin haqida qanday fikrda,2021-06-03,30053,690
1E2RnP3sdB0,Javohir Sidiqov bilan JONLI EFIRDAGI intervyu,2021-06-03,14595,419
uTgc-Kg7ynY,&quot;–¢–µ–∑–∫–æ—Ä —Å—Ç—É–¥–∏—è&quot;. –ú–∞–≤–∑—É —Ç–µ—Ä–º–∞ –∂–∞–º–æ–∞,2021-05-31,16046,388
C5WZcyr4NTE,O&#39;zbekiston Australia o&#39;yini bo&#39;lmaydi nega,2021-05-27,27946,649
JLQAl6t3EoI,&quot;–¢–µ–∑–∫–æ—Ä —Å—Ç—É–¥–∏—è&quot;. –ê–±—Ä–∞–º–æ–≤ –≤–∞ —É–Ω–∏–Ω–≥ –∂–∞–º–æ–∞—Å–∏ –º—É“≥–æ–∫–∞–º–∞—Å–∏,2021-05-27,12159,323
GvAO3l2KY9Y,Eldor Shomurodovning A Seriya 2020/21 mavsumidagi barcha gollari,2021-05-26,199227,3504
qxJ4zlsy-1o,"O&#39;zbekiston MTJ mashg&#39;uloti + Eldor Shomurodov, Vadim Abramov va Abror Pirriyevdan intervyular",2021-05-25,51347,1501
Zj3StjRxRac,"–ò–Ω—Ç–µ—Ä–≤—å—é: &quot;–û—Ç–∞–º –∏—Å–º–∏–º–Ω–∏ –±–µ–∂–∏–∑–≥–∞ –ñ—É—Ä—ä–∞—Ç “õ—û–π–º–∞–≥–∞–Ω, –∂–∞–º–æ–∞–Ω–∏ —è—Ä–∏–º –π—û–ª–¥–∞ —Ç–∞—à–ª–∞–± –∫–µ—Ç–º–∞–π–º–∞–Ω&quot;",2021-05-22,8821,240
4WLnucExFmI,"&quot;Tezkor studiya&quot;. OFK Kubogida &quot;Nasaf&quot;dan ajoyib yakun, Superligada AGMKdan mag&#39;lubiyat",2021-05-20,13783,429
6QN1s2jnM-8,Nasaf bugun &quot;Final&quot;da o&#39;ynaydi. Termaga chaqirilmagan Umarov yana gol urdi,2021-05-20,25910,454
V_L7y2UCX2Q,Superliga-2021. 9-turning eng chiroyli gollari TOP-5,2021-05-20,3183,49
V_L7y2UCX2Q,Superliga-2021. 9-turning eng chiroyli gollari TOP-5,2021-05-20,3183,49
8n2IBYi8HQs,Superliga-2021. 9-turning barcha gollari,2021-05-20,2638,40
Ruf57uG6tCY,Superliga. Surxon - Turon 1:0. Highlights,2021-05-19,4587,102
uNPseu6KZ54,OFK Kubogi-2021. &quot;Nasaf&quot;ning quvnoq kayfiyatda o&#39;tgan tiklanish mashg&#39;uloti,2021-05-18,8307,249
O14aVMbjXwo,Superliga. Bunyodkor - Navbahor 0:0. Highlights,2021-05-18,3376,73
miWRpkN91Lo,"Shomurodov chaqirildi, Yaxshiboyev va Urunov terma yig&#39;iniga kelmaydi",2021-05-18,20419,463
zc1NEcpsSN0,Superliga. Andijon - Lokomotiv 1:2 Highlights,2021-05-17,5099,85
0iMyZTyVgR0,OFK Kubogi-2021. &quot;Nasaf&quot;ning &quot;Xo&#39;jand&quot; bilan o&#39;yindan oldingi rasmiy mashg&#39;uloti,2021-05-16,7846,254
5DPFUz71_14,Superliga-2021. 8-turning barcha gollari,2021-05-15,1444,25
i1MYKMRfZuE,Superliga. AGMK - Bunyodkor 3:1. Highlights,2021-05-14,15107,348
5wZ6LndCA2M,Bugun OFK kubogi NASAF vs OLOY 17:00 #live,2021-05-14,17299,573
UQyBan2UFyY,Superliga. Paxtakor - Qo&#39;qon-1912 - 3:0. Highlights,2021-05-12,7084,150
bwE_6U0mIzQ,Superliga. Navbahor - Surxon 2:0. Highlights,2021-05-12,8618,197
cZkr0IGcygY,&quot;Tezkor studiya&quot;. Yaypandagi mojaroli o&#39;yin va 8-tur oldidan,2021-05-11,4384,99
-yIdBsYEICg,Bosh bilan urilgan top 10 chiroyli gollar #TermaJamoa,2021-05-11,3411,106
SxkGx14A-3s,Superliga. Turon - AGMK 0:1. Highlights,2021-05-10,10841,161
-LyenX5nj-s,O&#39;zbek futboli tarixidagi top eng mashxur gollar 2 qism,2021-05-07,61928,708
U2uFKqBqoAE,Superliga-2021. 7-turning eng chiroyli gollari TOP-5,2021-05-07,3668,71
0oIH_0iZMBM,Superliga-2021. 7-turning barcha gollari,2021-05-07,4383,80
q8w-H0WsPc,Superliga. Turon - Paxtakor 1:1. Highlights,2021-05-06,19157,300
fmZ8_QeDBoU,Superliga. Surxon - AGMK 0:1. Highlights,2021-05-06,2560,56
ZHecI0j2R28,Superliga. Andijon - Qo&#39;qon-1912 - 1:2. Highlights,2021-05-05,8517,125
dhsAW01JgEQ,Superliga. Bunyodkor - Nasaf 2:0. Highlights,2021-05-04,8631,150
NciMbThxnU,&quot;TEZKOR STUDIYA&quot;. OCHL guruh bosqichi yakunlari,2021-05-01,5845,154
D4xdbjw-TX4,Siz kutgan gollar...,2021-04-27,15280,413
JgWde6icQRg,&quot;Ko&#39;chadagi kamera&quot;. Uni tanidingizmi? Eldor Shomurodov,2021-04-24,85393,2007
zphdI-kFC9M,&quot;–¢–µ–∑–∫–æ—Ä —Å—Ç—É–¥–∏—è&quot;. &quot;–ü–∞—Ö—Ç–∞–∫–æ—Ä&quot; —Ç–∞–π—ë—Ä “ì–∞–ª–∞–±–∞–Ω–∏ “õ—û–ª–¥–∞–Ω —á–∏“õ–∞—Ä–¥–∏. –ê–ì–ú–ö–¥–∞–Ω —é—Ç—É“õ –∫—É—Ç–∞–º–∏–∑!,2021-04-24,6993,165
_RUaV0n44E,AGMKdan daxshatli kambek va tarixiy g&#39;alaba,2021-04-22,53418,1129
Kjoa1vvoqDc,Jaloliddin Masharipov AGMKga qarshi,2021-04-21,17178,359
32iay4cEoHI,Superliga-2021. 6-turning eng chiroyli gollari TOP-5,2021-04-17,10382,231
71OYKdYq7fo,Superliga-2021. 6-turning barcha gollari,2021-04-17,4201,59
oqO7ldeDb20,Superliga. Lokomotiv - Bunyodkor 2:1. Highlights,2021-04-16,7641,148
rrS3gjlGMHU,"&quot;–¢–µ–∑–∫–æ—Ä —Å—Ç—É–¥–∏—è&quot;. –ê–ì–ú–ö &quot;–ê–ª “≤–∏–ª–æ–ª&quot; –±–∏–ª–∞–Ω –¥—É—Ä–∞–Ω–≥ —û–π–Ω–∞–¥–∏, &quot;–ù–∞—Å–∞—Ñ&quot;–¥–∞–Ω 6:0...",2021-04-16,12776,395
UmBJYrvalA4,Superliga. Nasaf - Surkhon 6:0. Highlights,2021-04-15,33210,690
pLD8q9uxhw0,Superliga. Sogdiana - Mash&#39;al 2:2. Highlights,2021-04-15,8464,163
AFk4qH42oTM,Superliga. Kokand-1912 - Metallurg 0:1. Highlights,2021-04-15,3818,69
UGov8K5D_gY,Paxtakor (UZB) vs Traktor Sozi (ERON) 20:00. Ustunlik biz tomonda,2021-04-14,55851,958
wQHoL23uOow,Superliga-2021. 5-turning eng chiroyli gollari TOP-5,2021-04-11,8074,192
Vi3Zl1CsGU,Superliga-2021. 5-turning barcha gollari,2021-04-11,3191,52
94tNpLjfW0A,"Masharipov va Sergeyevdan super gollar, Finalda Jaloliddin eng yaxshi o&#39;yinchi deb topildi",2021-04-10,31521,677
uqP_uLoJMqM,Superliga. Mash&#39;al - Kokand-1912 - 0:2. Highlights,2021-04-09,8638,105
5O2sNBpFz08,&quot;Navbahor&quot; &quot;Paxtakor&quot; o&#39;yini bo&#39;yicha rasmiy xabar,2021-04-09,63906,958
d_USbBkzSt4,Superliga. Bunyodkor ‚Äì Sogdiana - 2:2. Highlights,2021-04-08,10109,211
IZDIOjDQQJ0,&quot;Tezkor studiya&quot;. Tarixiy o`yin muhokamasi,2021-04-07,12880,421
qBGWV1RnrR0,Superliga. Navbakhor - Pakhtakor 1:2. Highlights (07/04/2021),2021-04-07,41509,470
MjekobyK_Ok,Ahmedovni dunyoga mashxur qilgan o&#39;yin Qatar vs O&#39;zbekiston 0-2 Osiyo Kubogi 2011,2021-04-05,292946,2494
z9habGJUixs,Superliga-2021. 4-turning eng chiroyli gollari TOP-5,2021-04-05,6696,162
MKJ_rZEsKsA,Superliga. Nasaf - Turon 4:0. Highlights,2021-04-03,23368,450
eUhi8VLslg0,Superliga. Lokomotiv - Qizilqum 1:1. Highlights,2021-04-03,2442,52
o3U736fIrF4,"Tezkor studiya&quot;. &quot;Paxtakor&quot; ofsayddan gol urdi, &quot;Navbahor&quot; Olmaliqda yutqazdi",2021-04-02,7009,151
iYGIyaGDq9o,Superliga. AGMK - Navbakhor 2:1. Highlights (2/04/2021),2021-04-02,10753,170
b_UXg3ZSLjY,Superliga. Pakhtakor - Metallurg 2:1. Highlights (2/04/2021),2021-04-02,12410,156
71k7JenOjos,Superliga. Kokand-1912 - Bunyodkor 0:0. Highlights,2021-04-02,1375,41
EO40KZvcNI,&quot;Ko&#39;chadagi kamera&quot;.  3-aprel kungi boks oqshomidan nimalar kutayapsiz?,2021-04-02,2112,85
blzZkgOKLVg,"&quot;Tezkor studiya&quot;. &quot;Andijon&quot; yana VAR&#39;dan jabr ko&#39;rdi, Jizzaxdagi drama",2021-04-01,6424,158
kjPIgTlqYtE,Superliga Uzbekistan. Sogdiana - Surkhon 2:1. Highlights (1/04/2021),2021-04-01,10347,165
eckaTu4uz_g,Superliga Uzbekistan. Andijan - Mashal 1:1. Highlights (1/04/2021),2021-04-01,11675,194
EE5_VMbEQBU,&quot;Tezkor studiya&quot;. Superligada 4-tur boshlanmoqda,2021-04-01,4115,138
VTYOliECfXU,"Abramov qolishi kerak, Saudiya safarda mag&#39;lub qilinadi?",2021-03-30,31994,787
DJ8RcBI0ZM8,Iroq MTJ &quot;Bunyodkor&quot;da mashg&#39;ulot o&#39;tkazdi,2021-03-28,11963,313
uJT3KRiojRc,Futzal. Paxtakor - AGMK 3:2. O&#39;yin sharhi,2021-03-25,10822,171
TgZ3iggBVXY,&quot;Kichkina kamera&quot;. &quot;Neftchi&quot; mavsumni g&#39;alaba bilan boshlay olmadi,2021-03-23,5586,129
fc1i8csIiy8,Superliga-2021. 3-turning barcha gollari,2021-03-21,3396,62
xkKhSY-uWLA,O&#39;zbekiston vs Vietnam Sidirovning oltin goli va Ashurmatovdan super Intervyu Qorli o&#39;yin tarixi,2021-03-21,570522,7734
pztQK9Vu39E,&quot;–¢–µ–∑–∫–æ—Ä —Å—Ç—É–¥–∏—è&quot;. 10 –∫–∏—à–∏–≥–∞ “õ–∞—Ä—à–∏ —û–π–Ω–∞–≥–∞–Ω &quot;–ê–Ω–¥–∏–∂–æ–Ω&quot;–≥–∞ –Ω–∏–º–∞ –µ—Ç–∏—à–º–∞–¥–∏?,2021-03-20,6444,135
5V4qJJ64Sdc,Coca Cola –°—É–ø–µ—Ä–ª–∏–≥–∞. 3-—Ç—É—Ä. &quot;–ë—É–Ω—ë–¥–∫–æ—Ä&quot; - &quot;–ê–Ω–¥–∏–∂–æ–Ω&quot; 3:1. –é–π–∏–Ω —à–∞—Ä“≥–∏,2021-03-20,11932,191
mOQk0ncVpcs,Coca Cola –°—É–ø–µ—Ä–ª–∏–≥–∞. 3-—Ç—É—Ä. &quot;–ù–∞–≤–±–∞“≥–æ—Ä&quot; - &quot;–ù–∞—Å–∞—Ñ&quot; 0:0. –é–π–∏–Ω —à–∞—Ä“≥–∏,2021-03-19,10784,214
LtHQcWUU9wM,Coca Cola Superliga. 3-tur. AGMK - &quot;Paxtakor&quot; 0:3. O&#39;yin sharhi,2021-03-18,17655,263
f7jBY1cU0-Y,Coca Cola Superliga. 3-tur. &quot;Turon&quot; - &quot;Lokomotiv&quot; 2:2. O&#39;yin sharhi,2021-03-18,32127,633
Vx7pn1NW618,"Masharipov Xavini lol qoldirgan o&#39;yin, Alijonovdan super gol, Paxtakor 2-2 Al Sadd",2021-03-18,232999,2698
u-Uu_FD9JnE,Superliga-2021. 2-turning eng chiroyli gollari TOP-5,2021-03-17,27552,471
pbmQPfJMVpQ,Superliga-2021. 2-turning barcha gollari,2021-03-17,2542,50
5J3VBQ7t7gs,Coca Cola Superliga. 2-tur. Metallurg - Bunyodkor 1:0. O&#39;yin sharhi,2021-03-16,5022,113
tSBXgo7hGIE,Coca Cola Superliga. 2-tur. Andijon - Surxon 1:0. O&#39;yin sharhi,2021-03-16,21433,413
VHAPwCutWWc,Jaloliddin Masharipovning eng chiroyli gollari 8 lik,2021-03-15,12648,354
xlzW5ZwP_Ek,Mikael Sekeyra: &quot;VAR bilan bog&#39;liq to&#39;xtalishlar hisobiga o&#39;yinimiz yaxshichiqmadi&quot;,2021-03-14,2416,40
dnR_k9gneBc,Superliga-2021. 1-turning barcha gollari,2021-03-14,3833,105
Gqmj-UXMweA,Eldor Shomurodovning top 10 chiroyli gollari  Top 10 goals Eldor Shomurodov,2021-03-12,32770,727
SYH7eO9XIOc,&quot;Tezkor studiya&quot;. Zerikarli kun haqida,2021-03-11,2911,57
zShp7YyFV70,Superliga. Surxon ‚Äì Metallurg 1:0. O&#39;yin sharhi,2021-03-11,10622,186
zFuP__rLwW4,Superliga. Nasaf - Paxtakor - 2:3. O&#39;yin sharhi,2021-03-10,57659,888
SHaC1lEnrV4,Superliga. Turon - Qo&#39;qon-1912 - 1:2. O&#39;yin sharhi,2021-03-10,28261,369
-KvBKzVNPzI,Superliga. Navbahor - So&#39;g&#39;diyona 0:1. O&#39;yin sharhi,2021-03-09,14312,224
wh1kbofrFrI,Superliga. AGMK - Lokomotiv 2:1. O&#39;yin sharhi,2021-03-09,15137,254
HqdWbVmAmxI,Sardor Rashidov Eldor Shomurodovni almashtirgan o&#39;yin O&#39;zbekiston vs Xitoy 2-0 JCH saralashi,2021-03-09,104577,1187
RUqGo4K4wwk,O&#39;zbek futbolchilarining jarima zarbalaridan urgan eng sara gollari 1-qism,2021-03-05,154689,1357
XCy6BFaAPJE,"Eldordan ikki super gol, Markaziy Osiyo derbisi O&#39;zbekiston 4-0 Turkmaniston  Osiyo Kubogi 2019",2021-03-04,31616,450
pVTXOD11Y_I,"&quot;Masharipovdan dublpas, Jaloliddin Dubayni zabt etmoqda&quot;",2021-03-03,12620,266
MIHmoapy_cY,Shomurodovni Osiyoga tanitgan o&#39;yin O&#39;zbekiston - Ummon 2:1,2021-03-01,175384,1814
JLg9qUuVYuM,Xayrulla Hamidovning ajoyib gollarga fenomenal sharhlari,2021-02-24,148115,2656
3XoDWUH7IaE,"O&#39;zbekiston 2022-yilgi Osiyo Kubogiga mezbonlik qiladi, Bobir Shatskixning o&#39;rnini bosaoladimi?",2021-02-23,12606,277
2R47xLpTwzw,&quot;Tezkor studiya&quot;. 2021-yilgi Superligaga qur&#39;a tashlandi. Taqvim kim uchun omadli keldi?,2021-02-20,5688,190
6fZvYy6aAzI,Yana bir o&#39;zbek futbolchisi Yevropa klubiga o&#39;tdi.,2021-02-20,20482,548
w8x75ffsZCY,O&#39;zbekiston vs Shaxtyor o&#39;rtoqlik o&#39;yini. 17.02.2021 LIVE 17:00,2021-02-17,10065,231
Zw3tDxmJGws,&quot;Tezkor studiya&quot;. O&#39;zbekiston Iordaniyani mag&#39;lub etdi. Bozorov qahramon bo&#39;ldi,2021-02-15,6055,175
_LiGPgTOE7U,O&#39;zbek futboli tarixidagi eng mashxur gollar 1-qism,2021-02-06,37584,769
6EJ0xxpsTrk,"Bahodir Ahmedov: &quot;Raqib kim bo‚Äòlishining farqi yo‚Äòq, faqat g‚Äòalaba uchun o‚Äòynaymiz&quot;",2021-01-28,1947,72
mjAgDeDAQFs,Eldor sotilmaydi. Ozbekiston terma jamoasi Jahon chempionilari bilan o&#39;ynaydi.,2021-01-23,25572,734
N6y_1bLzbpc,"Eldor Italiyani zabt etdi, Cheran terma jamoada, Oston transfer qilinadi",2021-01-11,58585,1275
pcanIZYU7cY,PFL nogiron emasmi? Shaffoflik va Abramov haqida. Diyor Imomxo&#39;jayev bilan intervyu,2021-01-09,44902,1401
BTzEVf-kW40,Odil Ahmedov &quot;Bizga hech kim ishonmadi&quot;,2021-01-08,16444,605
3zmk6C1AJ2k,2020-yilda o&#39;zbek futbolchilari tomonidan kiritilgan top 10 chiroyli gollar,2020-12-29,20124,422
JT4QKmGHAI0,Yilning eng chiroyli goli uchun nomzod Shahboz Umarov (Energetik BGU),2020-12-27,29249,692
FkkRw_hLa48,Yilning eng chiroyli goli uchun nomzod Jasur Yaxshiboyev (Shaxtyor),2020-12-27,16913,259
